Handle,Title,Body (HTML),Vendor,Product Category,Type,Tags,Published,Option1 Name,Option1 Value,Option1 Linked To,Option2 Name,Option2 Value,Option2 Linked To,Option3 Name,Option3 Value,Option3 Linked To,Variant SKU,Variant Grams,Variant Inventory Tracker,Variant Inventory Qty,Variant Inventory Policy,Variant Fulfillment Service,Variant Price,Variant Compare At Price,Variant Requires Shipping,Variant Taxable,Unit Price Total Measure,Unit Price Total Measure Unit,Unit Price Base Measure,Unit Price Base Measure Unit,Variant Barcode,Image Src,Image Position,Image Alt Text,Gift Card,SEO Title,SEO Description,Age group (product.metafields.shopify.age-group),Color (product.metafields.shopify.color-pattern),Fabric (product.metafields.shopify.fabric),Size (product.metafields.shopify.size),Target gender (product.metafields.shopify.target-gender),Variant Image,Variant Weight Unit,Variant Tax Code,Cost per item,Status
celestia-embroidered-saree,Celestia- Embroidered saree (Off white),"<p>A drop-from-heaven kind of saree, with a warm tone of off-white shade over industrial kota fabric with exquisite embroidery brings out the most elegant look</p>
<p>Fabric: Industrial kota chex</p>
<p>Work: Embroidery</p>
<p>Blouse: Industrial kota chex with embroidery</p>
<p><a href=""https://hafsaad.com/products/ready-to-wear-not-for-separate-purchase"">To convert this saree as a Ready to wear saree, please add this link to your cart</a></p>
<p class=""p1"">We do our best to represent the colors as accurately as possible. However mild color variation is common and no colour difference complaints will be entertained</p>
<p class=""p1"">FREE SHIPPING ON ALL PRODUCTS.<span class=""Apple-converted-space""> </span></p>
<p>Shipping Duration: 2-3 working days (unstitched blouse)</p>
<p>Shipping Duration: Additional 3 to 4 working days (Stitched blouse)</p>
<p class=""p1"">Kindly do not compare with low quality replicas</p>",Hafsaad,,"","Best sellers, Christmas, New year, onam, ONAM COLLECTION",true,Size,Unstitched Blouse,,,,,,,,,800.0,,1,deny,manual,599.00,3500.00,false,true,,,,,,https://cdn.shopify.com/s/files/1/0984/7989/8907/files/1_b184d52a-1b8b-4e01-ace5-2e9dbd4a2f49.png?v=1769340913,1,"",false,,,,,,,,,g,,,active
celestia-embroidered-saree,,,,,,,,,32- Non padded,,,,,,,,,800.0,,1,deny,manual,599.00,5500.00,false,true,,,,,,https://cdn.shopify.com/s/files/1/0984/7989/8907/files/2_8e50b4a6-46e1-4b73-8c5f-4740cb9b0cb9.png?v=1769340914,2,"",,,,,,,,,,g,,,
celestia-embroidered-saree,,,,,,,,,32- Padded,,,,,,,,,800.0,,1,deny,manual,599.00,5500.00,false,true,,,,,,https://cdn.shopify.com/s/files/1/0984/7989/8907/files/3_5e4b24e5-d560-452c-acdb-87b75946bcc8.png?v=1769340914,3,"",,,,,,,,,,g,,,
celestia-embroidered-saree,,,,,,,,,34- Non padded,,,,,,,,,800.0,,1,deny,manual,599.00,5500.00,false,true,,,,,,https://cdn.shopify.com/s/files/1/0984/7989/8907/files/4_acd0850c-4e6f-432c-ad14-8a77639aa2ff.png?v=1769340914,4,"",,,,,,,,,,g,,,
celestia-embroidered-saree,,,,,,,,,34- Padded,,,,,,,,,800.0,,1,deny,manual,599.00,5500.00,false,true,,,,,,https://cdn.shopify.com/s/files/1/0984/7989/8907/files/1_98bb1a9d-0428-431c-a27c-a83d835ee084.png?v=1769340914,5,"",,,,,,,,,,g,,,
celestia-embroidered-saree,,,,,,,,,36- Non padded,,,,,,,,,800.0,,1,deny,manual,599.00,5500.00,false,true,,,,,,https://cdn.shopify.com/s/files/1/0984/7989/8907/files/2_6f3a2ffc-bc1d-4a38-9c37-26f60e153781.png?v=1769340915,6,"",,,,,,,,,,g,,,
mira-pure-viscose-saree-red-copy,Mira- pure viscose saree (Red),"<p>Our bestselling viscose now with the prettiest and minimal contemporary sequins work, the simple allure of the embellishments in the softest viscose fabric makes this a versatile piece that can be styled casually or for a party</p>
<p>Fabric: Pure viscose</p>
<p>Blouse: Pure viscose</p>
<p>Work: Sequins<br></p>
<p>Saree length: 5.1 meters approximately</p>
<p>Saree skirting height:  43-44 inches approximately </p>
<p><strong>DISCLAIMER: </strong>This product is<strong> hand-dyed, and slight colour variations may occur</strong> between batches. These natural differences are a part of the handcrafting process and add to the uniqueness of the product and is not considered a defect</p>
<p><span>We do our best to represent the colors as accurately as possible. However mild color variation is common</span></p>
<p><span>Please note, pure viscose fabric shrinks in humidity and stretches in heat indicating it’s purity, and should not be considered a flaw</span></p>
<p><span>FREE SHIPPING ON ALL PRODUCTS. </span></p>
<p>Shipping Duration(Unstitched blouse):2 to 3 business days</p>
<p>Shipping Duration(Stitched blouse): Additional 3 to 4 working days</p>
<p>Delivery Duration: 6-8 days</p>
<p>Kindly do not compare with low quality replicas</p>",Hafsaad,,"","Best sellers, Christmas, New year, onam, pink, viscose",true,Size,Unstitched Blouse,,,,,,,,,1000.0,,1,deny,manual,589.00,2800.00,false,true,,,,,,https://cdn.shopify.com/s/files/1/0984/7989/8907/files/IMG_0043.jpg?v=1769340913,1,"",false,,,,,,,,,g,,,active
mira-pure-viscose-saree-red-copy,,,,,,,,,32- Non padded,,,,,,,,,1000.0,,1,deny,manual,589.00,4500.00,false,true,,,,,,https://cdn.shopify.com/s/files/1/0984/7989/8907/files/IMG_0018.jpg?v=1769340913,2,"",,,,,,,,,,g,,,
mira-pure-viscose-saree-red-copy,,,,,,,,,32- Padded,,,,,,,,,1000.0,,1,deny,manual,589.00,4500.00,false,true,,,,,,https://cdn.shopify.com/s/files/1/0984/7989/8907/files/IMG_0016_16031962-fc92-46d1-bc63-1e587275161b.jpg?v=1769340914,3,"",,,,,,,,,,g,,,
mira-pure-viscose-saree-red-copy,,,,,,,,,34- Non padded,,,,,,,,,1000.0,,1,deny,manual,589.00,4500.00,false,true,,,,,,https://cdn.shopify.com/s/files/1/0984/7989/8907/files/IMG_0047.jpg?v=1769340914,4,"",,,,,,,,,,g,,,
mira-pure-viscose-saree-red-copy,,,,,,,,,34- Padded,,,,,,,,,1000.0,,1,deny,manual,589.00,4500.00,false,true,,,,,,https://cdn.shopify.com/s/files/1/0984/7989/8907/files/IMG_0024.jpg?v=1769340914,5,"",,,,,,,,,,g,,,
mira-pure-viscose-saree-red-copy,,,,,,,,,36- Non padded,,,,,,,,,1000.0,,1,deny,manual,589.00,4500.00,false,true,,,,,,https://cdn.shopify.com/s/files/1/0984/7989/8907/files/IMG_0069.jpg?v=1769340914,6,"",,,,,,,,,,g,,,
mira-pure-viscose-saree-red-copy,,,,,,,,,36- Padded,,,,,,,,,1000.0,,1,deny,manual,589.00,4500.00,false,true,,,,,,,,,,,,,,,,,,g,,,
mira-pure-viscose-saree-red-copy,,,,,,,,,38- Non padded,,,,,,,,,1000.0,,1,deny,manual,589.00,4500.00,false,true,,,,,,,,,,,,,,,,,,g,,,
mira-pure-viscose-saree-red-copy,,,,,,,,,38- Padded,,,,,,,,,1000.0,,1,deny,manual,589.00,4500.00,false,true,,,,,,,,,,,,,,,,,,g,,,
mira-pure-viscose-saree-red-copy,,,,,,,,,40- Non padded,,,,,,,,,1000.0,,1,deny,manual,589.00,4500.00,false,true,,,,,,,,,,,,,,,,,,g,,,
mira-pure-viscose-saree-red-copy,,,,,,,,,40- Padded,,,,,,,,,1000.0,,1,deny,manual,589.00,4500.00,false,true,,,,,,,,,,,,,,,,,,g,,,
mira-pure-viscose-saree-red-copy,,,,,,,,,42- Non padded,,,,,,,,,1000.0,,1,deny,manual,589.00,4500.00,false,true,,,,,,,,,,,,,,,,,,g,,,
mira-pure-viscose-saree-red-copy,,,,,,,,,42- Padded,,,,,,,,,1000.0,,1,deny,manual,589.00,4500.00,false,true,,,,,,,,,,,,,,,,,,g,,,
shreya-semi-organza-saree,Shreya - semi organza saree,"<p><span>Unveil your inner fashionista with our stunning muted Champaign gold designer organza saree paired with the most sought-after corset blouse in Wine Red .</span></p>
<p><span>Fabric: Semi organza</span><br><br><span>Work: Coded embroidery </span><br><br><span>Blouse: Soft velvet with coded embroidery<br><br></span>Saree skirting height: 43 to 44 inches approximately<br><br><span>We do our best to represent the colors as accurately as possible. However mild color variation is common.</span><br><br><span>FREE SHIPPING ON ALL PRODUCTS.</span><br><br><span>Shipping Duration:2-3 working days (unstitched blouse)<br></span></p>
<p><span>shipping duration : Additional 3 to 4 working days(stitched blouse)<br></span><span><br></span><span style=""font-size: 0.875rem;"">Delivery Duration: 6-8 days</span></p>
<p><span>Kindly do not compare with low quality replicas</span></p>
<!---->",Hafsaad,,"","Best sellers, New year, onam, Organza",true,Size,Unstiched blouse,,,,,,,,,1000.0,,1,deny,manual,599.00,3999.00,false,true,,,,,,https://cdn.shopify.com/s/files/1/0984/7989/8907/files/1_0bf4aef3-1c8b-4a1f-9406-e96bf432f1c8.png?v=1769340911,1,"",false,,,,,,,,,g,,,active
shreya-semi-organza-saree,,,,,,,,,32 padded,,,,,,,,,1000.0,,1,deny,manual,599.00,6799.00,false,true,,,,,,https://cdn.shopify.com/s/files/1/0984/7989/8907/files/2_26d839af-2849-4885-9ddb-feec25987c49.png?v=1769340911,2,"",,,,,,,,,,g,,,
shreya-semi-organza-saree,,,,,,,,,32 non padded,,,,,,,,,1000.0,,1,deny,manual,599.00,6799.00,false,true,,,,,,https://cdn.shopify.com/s/files/1/0984/7989/8907/files/3_2306d202-1486-4147-b27c-e9b6284bdf00.png?v=1769340912,3,"",,,,,,,,,,g,,,
shreya-semi-organza-saree,,,,,,,,,34 padded,,,,,,,,,1000.0,,1,deny,manual,599.00,6799.00,false,true,,,,,,https://cdn.shopify.com/s/files/1/0984/7989/8907/files/4_9d54c050-532a-4cab-a39a-2ae0ad4b0781.png?v=1769340912,4,"",,,,,,,,,,g,,,
shreya-semi-organza-saree,,,,,,,,,34 non padded,,,,,,,,,1000.0,,1,deny,manual,599.00,6799.00,false,true,,,,,,,,,,,,,,,,,,g,,,
shreya-semi-organza-saree,,,,,,,,,36 padded,,,,,,,,,1000.0,,1,deny,manual,599.00,6799.00,false,true,,,,,,,,,,,,,,,,,,g,,,
shreya-semi-organza-saree,,,,,,,,,36 non padded,,,,,,,,,1000.0,,1,deny,manual,599.00,6799.00,false,true,,,,,,,,,,,,,,,,,,g,,,
shreya-semi-organza-saree,,,,,,,,,38 paadded,,,,,,,,,1000.0,,1,deny,manual,599.00,6799.00,false,true,,,,,,,,,,,,,,,,,,g,,,
shreya-semi-organza-saree,,,,,,,,,38 non padded,,,,,,,,,1000.0,,1,deny,manual,599.00,6799.00,false,true,,,,,,,,,,,,,,,,,,g,,,
shreya-semi-organza-saree,,,,,,,,,40 padded,,,,,,,,,1000.0,,1,deny,manual,599.00,6799.00,false,true,,,,,,,,,,,,,,,,,,g,,,
shreya-semi-organza-saree,,,,,,,,,40 non padded,,,,,,,,,1000.0,,1,deny,manual,599.00,6799.00,false,true,,,,,,,,,,,,,,,,,,g,,,
shreya-semi-organza-saree,,,,,,,,,42 padded,,,,,,,,,1000.0,,1,deny,manual,599.00,6799.00,false,true,,,,,,,,,,,,,,,,,,g,,,
shreya-semi-organza-saree,,,,,,,,,42 non padded,,,,,,,,,1000.0,,1,deny,manual,599.00,6799.00,false,true,,,,,,,,,,,,,,,,,,g,,,
gulabi-satin-organza-saree,Gulabi- Satin organza saree(Pink),"<p> Light, airy, and effortlessly beautiful, it's the perfect choice for making a statement at your next special occasion. Featuring intricate coded embroidery that adds a touch of modern artistry. </p>
<p>Fabric: satin organza </p>
<p>Blouse: Raw silk</p>
<p>Work: Multi coded embroidery<br></p>
<p>Saree length: 5.20 to 5.30 meters approximately</p>
<p>Saree skirting height: 41 to 42 inches approximately</p>
<p class=""p1"">We do our best to represent the colors as accurately as possible. However mild color variation is common and no colour difference complaints will be entertained</p>
<p class=""p1"">FREE SHIPPING ON ALL PRODUCTS.<span class=""Apple-converted-space""> </span></p>
<p class=""p1"">Shipping Duration:2-3 working days (Unstitched Blouse)</p>
<p class=""p1"">Shipping Duration: Additional 3 to 4 working days (Stitched blouse)</p>
<p class=""p1"">Delivery Duration: 6-8 days<span class=""Apple-converted-space""> </span></p>
<p class=""p1"">Kindly do not compare with low quality replicas</p>",Hafsaad,,"","Best sellers, New year, Organza, Saree",true,Size,Unstitched blouse,,,,,,,,,1000.0,,1,deny,manual,594.00,5850.00,false,true,,,,,,https://cdn.shopify.com/s/files/1/0984/7989/8907/files/1_19e69b7a-eea7-4d2a-8821-833c45dda902.png?v=1769340910,1,"",false,,,,,,,,,g,,,active
gulabi-satin-organza-saree,,,,,,,,,32 Non padded,,,,,,,,,1000.0,,1,deny,manual,594.00,6173.00,false,true,,,,,,https://cdn.shopify.com/s/files/1/0984/7989/8907/files/4_760eec0d-b5e1-4b49-91c5-025cd6b8c48b.png?v=1769340910,2,"",,,,,,,,,,g,,,
gulabi-satin-organza-saree,,,,,,,,,32 Padded,,,,,,,,,1000.0,,1,deny,manual,594.00,6173.00,false,true,,,,,,https://cdn.shopify.com/s/files/1/0984/7989/8907/files/3_8985a07a-72c4-4b7d-898f-27efbd021652.png?v=1769340909,3,"",,,,,,,,,,g,,,
gulabi-satin-organza-saree,,,,,,,,,34 Non padded,,,,,,,,,1000.0,,1,deny,manual,594.00,6173.00,false,true,,,,,,https://cdn.shopify.com/s/files/1/0984/7989/8907/files/5_61a6ef3f-d8c7-4413-88fe-e0d0f49d23d0.png?v=1769340910,4,"",,,,,,,,,,g,,,
gulabi-satin-organza-saree,,,,,,,,,34 Padded,,,,,,,,,1000.0,,1,deny,manual,594.00,6173.00,false,true,,,,,,https://cdn.shopify.com/s/files/1/0984/7989/8907/files/2_8eab2894-0d35-474e-a5b6-b1f28c0ddc20.png?v=1769340910,5,"",,,,,,,,,,g,,,
gulabi-satin-organza-saree,,,,,,,,,36 Non padded,,,,,,,,,1000.0,,1,deny,manual,594.00,6173.00,false,true,,,,,,https://cdn.shopify.com/s/files/1/0984/7989/8907/files/6_2fc0b618-37c3-4123-9035-38c71b8f3910.png?v=1769340910,6,"",,,,,,,,,,g,,,
gulabi-satin-organza-saree,,,,,,,,,36 Padded,,,,,,,,,1000.0,,1,deny,manual,594.00,6173.00,false,true,,,,,,,,,,,,,,,,,,g,,,
gulabi-satin-organza-saree,,,,,,,,,38 Non padded,,,,,,,,,1000.0,,1,deny,manual,594.00,6173.00,false,true,,,,,,,,,,,,,,,,,,g,,,
gulabi-satin-organza-saree,,,,,,,,,38 Padded,,,,,,,,,1000.0,,1,deny,manual,594.00,6173.00,false,true,,,,,,,,,,,,,,,,,,g,,,
gulabi-satin-organza-saree,,,,,,,,,40 Non padded,,,,,,,,,1000.0,,1,deny,manual,594.00,6173.00,false,true,,,,,,,,,,,,,,,,,,g,,,
gulabi-satin-organza-saree,,,,,,,,,40 Padded,,,,,,,,,1000.0,,1,deny,manual,594.00,6173.00,false,true,,,,,,,,,,,,,,,,,,g,,,
gulabi-satin-organza-saree,,,,,,,,,42 Non padded,,,,,,,,,1000.0,,1,deny,manual,594.00,6173.00,false,true,,,,,,,,,,,,,,,,,,g,,,
gulabi-satin-organza-saree,,,,,,,,,42 Padded,,,,,,,,,1000.0,,1,deny,manual,594.00,6173.00,false,true,,,,,,,,,,,,,,,,,,g,,,
roop-organza-saree-maroon,Roop- Organza saree (Maroon),"<p>Must have minimalist organza edition </p>
<p>This affordable and elegant organza is such a closet staple that can be styled into versatility </p>
<p>Fabric: Semi organza </p>
<p>Blouse: Banglore silk blouse  </p>
<p>Work: embroidery </p>
<p><meta charset=""utf-8""><span>Saree height: 42 inches approximately</span></p>
<p><a href=""https://hafsaad.com/products/roop-ready-to-wear-maroon"">Tap here for Ready to wear saree</a></p>
<p><a href=""https://hafsaad.com/products/roop-custom-blouse-not-for-separate-purchase"">Tap here for stitched blouse</a></p>
<p><a href=""https://hafsaad.com/collections/roop"">Tap here for colours</a></p>
<p>We do our best to represent the colors as accurately as possible. However mild color variation is common</p>
<p>FREE SHIPPING ON ALL PRODUCTS. </p>
<p>Shipping Duration: 10-15 working days</p>
<p>Delivery Duration: 3 to 4 days (Stitched Blouse)</p>
<p>Kindly do not compare with low quality replicas</p>",Hafsaad,,"","Best sellers, Bollywood, Isha, New year, onam, Organza",true,Title,Default Title,,,,,,,,,500.0,,1,deny,manual,599.00,2750.00,false,true,,,,,,https://cdn.shopify.com/s/files/1/0984/7989/8907/files/8_d2d3bb01-2704-4848-a13d-9fed4ac652df.png?v=1769340909,1,"",false,,,,,,,,,g,,,active
roop-organza-saree-maroon,,,,,,,,,,,,,,,,,,,,,,,,,,,,,,,,https://cdn.shopify.com/s/files/1/0984/7989/8907/files/9_13de96a9-1c76-467a-8562-303ee7544826.png?v=1769340909,2,"",,,,,,,,,,,,,
roop-organza-saree-maroon,,,,,,,,,,,,,,,,,,,,,,,,,,,,,,,,https://cdn.shopify.com/s/files/1/0984/7989/8907/files/10_2bd87dce-c7a0-4c56-8594-1f8080a8f746.png?v=1769340911,3,"",,,,,,,,,,,,,
vani-premium-crushed-chinnon,Vani - Premium crushed chinnon saree,"<p>Draping our radiant violet chinnon saree perfectly paired with Zari weaved blouse gives you a perfect mix of traditional elegance and modern comfort .</p>
<div class=""product__description rte quick-add-hidden"">
<p>Fabric: Premium crushed chinnon saree</p>
<p><span>Work: Zari weaving</span></p>
<p>Blouse: Semi silk<br><br><span>Height of the saree: 40-41 inches (approximately)</span><br></p>
<p><span><strong>DISCLAIMER: </strong>This product is<strong> hand-dyed, and slight colour variations may occur</strong> between batches. These natural differences are a part of the handcrafting process and add to the uniqueness of the product and is not considered a defect</span></p>
<p><span>We do our best to represent the colors as accurately as possible. However mild color variation is common</span></p>
<p class=""p1"">Shipping Duration:2-3 working days(unstitched blouse)</p>
<p class=""p1"">Additional 3 to 4 working days (stitched blouse)</p>
<p class=""p1""><span>Kindly choose the blouse size based on your full bust measurement</span><span class=""Apple-converted-space""> </span></p>
<p class=""p1"">Delivery Duration: 6-8 days</p>
<p class=""p1"">Kindly do not compare with low-quality replicas.</p>
</div>
<p><button class=""share-button__button""><svg aria-hidden=""true"" xmlns=""http://www.w3.org/2000/svg"" fill=""none"" class=""icon icon-share"" viewbox=""0 0 13 12"" height=""12"" width=""13""><path stroke-linejoin=""round"" stroke-linecap=""round"" stroke=""currentColor"" d=""M1.625 8.125V10.2917C1.625 10.579 1.73914 10.8545 1.9423 11.0577C2.14547 11.2609 2.42102 11.375 2.70833 11.375H10.2917C10.579 11.375 10.8545 11.2609 11.0577 11.0577C11.2609 10.8545 11.375 10.579 11.375 10.2917V8.125""></path><path fill=""currentColor"" d=""M6.14775 1.27137C6.34301 1.0761 6.65959 1.0761 6.85485 1.27137L9.56319 3.9797C9.75845 4.17496 9.75845 4.49154 9.56319 4.6868C9.36793 4.88207 9.05135 4.88207 8.85609 4.6868L6.5013 2.33203L4.14652 4.6868C3.95126 4.88207 3.63468 4.88207 3.43942 4.6868C3.24415 4.49154 3.24415 4.17496 3.43942 3.9797L6.14775 1.27137Z"" clip-rule=""evenodd"" fill-rule=""evenodd""></path><path fill=""currentColor"" d=""M6.5 1.125C6.77614 1.125 7 1.34886 7 1.625V8.125C7 8.40114 6.77614 8.625 6.5 8.625C6.22386 8.625 6 8.40114 6 8.125V1.625C6 1.34886 6.22386 1.125 6.5 1.125Z"" clip-rule=""evenodd"" fill-rule=""evenodd""></path></svg>Share</button></p>",Hafsaad,,"","Best sellers, New year, ONAM COLLECTION",true,size,unstitched blouse,,,,,,,,,1000.0,,1,deny,manual,599.00,5850.00,false,true,,,,,,https://cdn.shopify.com/s/files/1/0984/7989/8907/files/1_04ef6384-aefe-4e7b-9aec-a5bf1b96233b.png?v=1769340907,1,"",false,,,,,,,,,g,,,active
vani-premium-crushed-chinnon,,,,,,,,,32 padded,,,,,,,,,1000.0,,1,deny,manual,599.00,5850.00,false,true,,,,,,https://cdn.shopify.com/s/files/1/0984/7989/8907/files/2_34553b4a-2fa8-46fd-8bca-21663c44deef.png?v=1769340907,2,"",,,,,,,,,,g,,,
vani-premium-crushed-chinnon,,,,,,,,,32 non padded,,,,,,,,,1000.0,,1,deny,manual,599.00,5850.00,false,true,,,,,,https://cdn.shopify.com/s/files/1/0984/7989/8907/files/3_d7d4f8c8-85b7-4e5e-921d-f2b61ac03d3c.png?v=1769340908,3,"",,,,,,,,,,g,,,
vani-premium-crushed-chinnon,,,,,,,,,34 padded,,,,,,,,,1000.0,,1,deny,manual,599.00,5850.00,false,true,,,,,,https://cdn.shopify.com/s/files/1/0984/7989/8907/files/4_f9259ebf-ad1c-4602-afa4-b3029766c477.png?v=1769340907,4,"",,,,,,,,,,g,,,
vani-premium-crushed-chinnon,,,,,,,,,34 non padded,,,,,,,,,1000.0,,1,deny,manual,599.00,5850.00,false,true,,,,,,https://cdn.shopify.com/s/files/1/0984/7989/8907/files/5_344a38bd-8e34-443f-b110-e32d85574b77.png?v=1769340908,5,"",,,,,,,,,,g,,,
vani-premium-crushed-chinnon,,,,,,,,,36 padded,,,,,,,,,1000.0,,1,deny,manual,599.00,5850.00,false,true,,,,,,https://cdn.shopify.com/s/files/1/0984/7989/8907/files/size_chart_hafsaad_2_13cdb850-5220-430b-8fbf-b8ad8be3344d.png?v=1769340906,6,"",,,,,,,,,,g,,,
vani-premium-crushed-chinnon,,,,,,,,,36 non padded,,,,,,,,,1000.0,,1,deny,manual,599.00,5850.00,false,true,,,,,,,,,,,,,,,,,,g,,,
vani-premium-crushed-chinnon,,,,,,,,,38 padded,,,,,,,,,1000.0,,1,deny,manual,599.00,5850.00,false,true,,,,,,,,,,,,,,,,,,g,,,
vani-premium-crushed-chinnon,,,,,,,,,38 non padded,,,,,,,,,1000.0,,1,deny,manual,599.00,5850.00,false,true,,,,,,,,,,,,,,,,,,g,,,
vani-premium-crushed-chinnon,,,,,,,,,40 padded,,,,,,,,,1000.0,,1,deny,manual,599.00,5850.00,false,true,,,,,,,,,,,,,,,,,,g,,,
vani-premium-crushed-chinnon,,,,,,,,,40 non padded,,,,,,,,,1000.0,,1,deny,manual,599.00,5850.00,false,true,,,,,,,,,,,,,,,,,,g,,,
vani-premium-crushed-chinnon,,,,,,,,,42 padded,,,,,,,,,1000.0,,1,deny,manual,599.00,5850.00,false,true,,,,,,,,,,,,,,,,,,g,,,
vani-premium-crushed-chinnon,,,,,,,,,42 non padded,,,,,,,,,1000.0,,1,deny,manual,599.00,5850.00,false,true,,,,,,,,,,,,,,,,,,g,,,
