Handle,Title,Body (HTML)');
      if (idx !== -1) {
        const csv = data.content.substring(idx);
        fs.writeFileSync('C:\\\\Users\\\\DELL\\\\.gemini\\\\antigravity\\\\scratch\\\\ethnicora\\\\catalog_raw.csv', csv, 'utf8');
        console.log('Saved FULL catalog_raw.csv! Length:', csv.length);
      }
    }
  } catch (e) {}
});
"
Task logs are available at: file:///C:/Users/DELL/.gemini/antigravity/brain/2ddffb8e-ee86-40a0-8f22-a8fac68646eb/.system_generated/tasks/task-789.log
YOU MUST TAKE ONE OF THE FOLLOWING TWO ACTIONS: A) either proceed to other relevant work (if any) or, B) simply update the user with a short message (that you have launched the command and will wait for it to finish) and end the turn.
 DO NOTHING ELSE.